location	Wuhan
location	Tianmen
location	Hefei
location	Jingzhou
location	Pingxiang
location	Zhongxian
location	Yongchuan
location	Chongqing
location	Suzhou
location	Chengdu
location	Kunming
location	Hangzhou
location	Guangdong
location	Shenzhen
location	Zhuhai
location	Huaian
location	Qingdao
location	Guangzhou
location	NanChang
location	Foshan
location	Hong_Kong
location	Taipei
location	Taoyuan
location	Kaohsiung
location	Bangkok
location	Aichi
location	Tokyo
location	Kyoto
location	Gyeonggi
location	Chungcheongnam
location	Seoul
location	Kathmandu
location	Thanh_Hoa
location	Hanoi
location	Bangkok
location	Singapore
location	Gold_Coast
location	Sydney
location	Melbourne
location	Brisbane
location	Rockhampton
location	Clayton
location	Auckland
location	Gilgit
location	Riyadh
location	Hawali
location	Dasman
location	Heinsberg_District
location	Heinsberg
location	Munich
location	Duesseldorf
location	Delft
location	Utrecht
location	Zeewolde
location	Loon_op_zand
location	Berlicum
location	Blaricum
location	Hardinxveld_Giessendam
location	Coevorden
location	Diemen
location	Nootdorp
location	Naarden
location	Eindhoven
location	Houten
location	Haarlem
location	Nieuwendijk
location	Andel
location	Rotterdam
location	Oss
location	Tilburg
location	Helmond
location	Oisterwijk
location	Dalen
location	Budapest
location	Nantes
location	Crépy_en_Valois
location	Paris
location	Reims
location	garches
location	rennes
location	château-thierry
location	longjumeau
location	Levallois-perret
location	Pontoise
location	Compiègne
location	Contamines
location	Thise
location	Montreux-Chateau
location	Rouen
location	Leuven
location	Starnberg
location	Strasbourg
location	Rome
location	Milan
location	valencia
location	England
location	Yorkshire
location	Nottinghamshire
location	Cardiff
location	Rovaniemi
location	Jönköping
location	Helsinki
location	Sao_Paulo
location	Brasilia
location	Rio_de_Janeiro
location	Manaus
location	Feira_de_Santana
location	Vila_Velha
location	Mexico_City
location	King_County
location	Snohomish_County
location	Pierce_County
location	Solano_County
location	Sonoma_County
location	Orange_County
location	Kirkland
location	Seattle
location	Los_Angeles
location	California
location	San_Francisco
location	San_Diego_County
location	Marin_County
location	San_Francisco_County
location	San_Joaquin_County
location	Sacramento_County
location	Santa_Clara_County
location	Grant_County
location	Snohomish_County
location	King_County
location	Clark_County
location	Umatilla_County
location	Phoenix
location	Chicago
location	Illinois
location	Wisconsin
location	Dane_County
location	Boston
location	Nassau_County


division	China
division	Hubei
division	Beijing
division	Anhui
division	Jiangxi
division	Chongqing
division	Hangzhou
division	Sichuan
division	Yunnan
division	Jiangsu
division	Shandong
division	Zhejiang
division	Fujian
division	Guangdong
division	Shanghai
division	Hong_Kong
division	Taiwan
division	Taoyuan
division	Aichi
division	Tokyo
division	Saitama
division	Nara
division	Osaka
division	Kyoto
division	Kanagawa
division	Gyeonggi
division	Chungcheongnam
division	Seoul
division	South_Korea
division	Selangor
division	Kathmandu
division	Kerala
division	Iran
division	Kuwait
division	Gilgit_Baltistan
division	Tbilisi
division	Thanh_Hoa
division	Vinhphuc
division	Red_River_Delta
division	Quangning
division	Sihanoukville
division	Nonthaburi
division	Singapore
division	Queensland
division	New_South_Wales
division	Victoria
division	Wellington
division	Otago
division	Auckland
division	Riyadh
division	Europe
division	Central_Hungary
division	Baranya
division	Copenhagen
division	Bretagne
division	Ile_de_France
division	Auvergne-Rhône-Alpes
division	Pays_de_la_Loire
division	Hauts_de_France
division	Bretagne
division	Bourgogne-France-Comté
division	Normandie
division	Grand_Est
division	Auvergne_Rhone_Alpes
division	Castilla_Y_León
division	Galicia
division	Madrid
division	Flanders
division	Leuven
division	Dilbeek
division	Schoten
division	Rixensart
division	Vorst
division	Sint-Pieters-Woluwe
division	Kasterlee
division	Couthuin
division	Kessel-Lo
division	Holsbeek
division	Sint-Niklaas
division	Kraainem
division	Huldenberg
division	Brussels
division	Liège
division	Bavaria
division	Baden-Wuerttemberg
division	North_Rhine_Westphalia
division	Netherlands
division	Utrecht
division	Overijssel
division	Gelderland
division	Limburg
division	Drenthe
division	North_Brabant
division	Flevoland
division	South_Holland
division	North_Holland
division	Luxembourg
division	Zielonogorskie
division	Basel
division	Bern
division	Zurich
division	Aargau
division	Geneva
division	Vaud
division	Ticino
division	Graubünden
division	Schwyz
division	Comunitat_Valenciana
division	Italy
division	Lazio
division	Lombardy
division	Friuli_Venezia_Giulia
division	Usti_nad_Labem
division	Northern_Ireland
division	England
division	United_Kingdom
division	Wales
division	Dublin
division	Cork
division	Limerick
division	Scotland
division	Småland
division	Helsinki
division	Finland
division	Portugal
division	Lagos
division	Kinshasa
division	KwaZulu-Natal
division	Santiago
division	Talca
division	Sao_Paulo
division	Espirito_Santo
division	Bahia
division	Rio_de_Janeiro
division	Distrito_Federal
division	Amazonas_State
division	Panama_City
division	Mexico_City
division	USA
division	Connecticut
division	Texas
division	Utah
division	Arizona
division	California
division	Illinois
division	Wisconsin
division	Minnesota
division	Massachusetts
division	New_York
division	Washington
division	British_Columbia
division	Ontario

country	China
country	Hong_Kong
country	Taiwan
country	Japan
country	South_Korea
country	Nepal
country	India
country	Vietnam
country	Cambodia
country	Thailand
country	Malaysia
country	Singapore
country	Australia
country	New_Zealand
country	Saudi_Arabia
country	Kuwait
country	Pakistan
country	Georgia
country	Poland
country	Hungary
country	France
country	Denmark
country	Netherlands
country	Belgium
country	Luxembourg
country	Germany
country	Switzerland
country	Italy
country	Spain
country	Czech_Republic
country	United_Kingdom
country	Ireland
country	Finland
country	Sweden
country	Portugal
country	Nigeria
country	Congo
country	South_Africa
country	Chile
country	Brazil
country	Panama
country	Mexico
country	USA
country	Canada

recency	Older
recency	One_month_ago
recency	One_week_ago
recency	3-7_days_ago
recency	1-2_days_ago
recency	New

region	Oceania
region	Asia
region	Africa
region	Europe
region	North_America
region	Central_America
region	South_America
